[
  {
    "Text": "스코틀랜드의 한 마을에서 보통하게 살고 있다는 이 기혼 남성의 시조가 유튜브 등에서 폭렬적인 평판을 모으고 있는데 치안정감들은 이 곡목에 출연해 인기인이 된 황정민 장두해 장정 풀 포츠가 퇴석했다며 송사를 보내고 있습니다 .",
    "id": 103,
    "label": [
      {
        "start": 0,
        "end": 6,
        "text": "스코틀랜드의",
        "labels": [
          "LOC-B"
        ]
      },
      {
        "start": 7,
        "end": 8,
        "text": "한",
        "labels": [
          "NUM-B"
        ]
      },
      {
        "start": 9,
        "end": 13,
        "text": "마을에서",
        "labels": [
          "NUM-I"
        ]
      },
      {
        "start": 88,
        "end": 91,
        "text": "황정민",
        "labels": [
          "PER-B"
        ]
      },
      {
        "start": 14,
        "end": 18,
        "text": "보통하게",
        "labels": [
          "O"
        ]
      },
      {
        "start": 22,
        "end": 25,
        "text": "있다는",
        "labels": [
          "O"
        ]
      },
      {
        "start": 19,
        "end": 21,
        "text": "살고",
        "labels": [
          "O"
        ]
      },
      {
        "start": 26,
        "end": 27,
        "text": "이",
        "labels": [
          "O"
        ]
      },
      {
        "start": 28,
        "end": 30,
        "text": "기혼",
        "labels": [
          "O"
        ]
      },
      {
        "start": 31,
        "end": 34,
        "text": "남성의",
        "labels": [
          "O"
        ]
      },
      {
        "start": 35,
        "end": 38,
        "text": "시조가",
        "labels": [
          "O"
        ]
      },
      {
        "start": 39,
        "end": 42,
        "text": "유튜브",
        "labels": [
          "O"
        ]
      },
      {
        "start": 43,
        "end": 46,
        "text": "등에서",
        "labels": [
          "O"
        ]
      },
      {
        "start": 101,
        "end": 104,
        "text": "포츠가",
        "labels": [
          "O"
        ]
      },
      {
        "start": 105,
        "end": 110,
        "text": "퇴석했다며",
        "labels": [
          "O"
        ]
      },
      {
        "start": 111,
        "end": 114,
        "text": "송사를",
        "labels": [
          "O"
        ]
      },
      {
        "start": 115,
        "end": 118,
        "text": "보내고",
        "labels": [
          "O"
        ]
      },
      {
        "start": 119,
        "end": 123,
        "text": "있습니다",
        "labels": [
          "O"
        ]
      },
      {
        "start": 124,
        "end": 125,
        "text": ".",
        "labels": [
          "O"
        ]
      },
      {
        "start": 47,
        "end": 51,
        "text": "폭렬적인",
        "labels": [
          "O"
        ]
      },
      {
        "start": 92,
        "end": 95,
        "text": "장두해",
        "labels": [
          "O"
        ]
      },
      {
        "start": 96,
        "end": 98,
        "text": "장정 ",
        "labels": [
          "O"
        ]
      },
      {
        "start": 81,
        "end": 85,
        "text": "인기인이",
        "labels": [
          "O"
        ]
      },
      {
        "start": 86,
        "end": 87,
        "text": "된",
        "labels": [
          "O"
        ]
      },
      {
        "start": 52,
        "end": 55,
        "text": "평판을",
        "labels": [
          "O"
        ]
      },
      {
        "start": 56,
        "end": 59,
        "text": "모으고",
        "labels": [
          "O"
        ]
      },
      {
        "start": 60,
        "end": 63,
        "text": "있는데",
        "labels": [
          "O"
        ]
      },
      {
        "start": 64,
        "end": 70,
        "text": "치안정감들은",
        "labels": [
          "O"
        ]
      },
      {
        "start": 71,
        "end": 72,
        "text": "이",
        "labels": [
          "O"
        ]
      },
      {
        "start": 73,
        "end": 76,
        "text": "곡목에",
        "labels": [
          "O"
        ]
      },
      {
        "start": 77,
        "end": 80,
        "text": "출연해",
        "labels": [
          "O"
        ]
      }
    ],
    "annotator": "snipping@gmail.com",
    "annotation_id": 17,
    "created_at": "2021-11-08T04:27:51.778537Z",
    "updated_at": "2021-11-08T04:27:51.778560Z",
    "lead_time": 541.466
  },
  {
    "Text": "7-8위 결정전에서 김중배 무스파타(샌안토니오)가 참은 법국을 누르고 유럽축구선수권대회 출격권을 점유했다 .",
    "id": 102,
    "label": [
      {
        "start": 11,
        "end": 14,
        "text": "김중배",
        "labels": [
          "PER-B"
        ]
      },
      {
        "start": 15,
        "end": 27,
        "text": "무스파타(샌안토니오)가",
        "labels": [
          "PER-I"
        ]
      },
      {
        "start": 28,
        "end": 30,
        "text": "참은",
        "labels": [
          "O"
        ]
      },
      {
        "start": 31,
        "end": 34,
        "text": "법국을",
        "labels": [
          "LOC-B"
        ]
      },
      {
        "start": 0,
        "end": 4,
        "text": "7-8위",
        "labels": [
          "O"
        ]
      },
      {
        "start": 5,
        "end": 10,
        "text": "결정전에서",
        "labels": [
          "O"
        ]
      },
      {
        "start": 35,
        "end": 38,
        "text": "누르고",
        "labels": [
          "O"
        ]
      },
      {
        "start": 39,
        "end": 48,
        "text": "유럽축구선수권대회",
        "labels": [
          "O"
        ]
      },
      {
        "start": 49,
        "end": 53,
        "text": "출격권을",
        "labels": [
          "O"
        ]
      },
      {
        "start": 54,
        "end": 58,
        "text": "점유했다",
        "labels": [
          "O"
        ]
      },
      {
        "start": 59,
        "end": 60,
        "text": ".",
        "labels": [
          "O"
        ]
      }
    ],
    "annotator": "snipping@gmail.com",
    "annotation_id": 16,
    "created_at": "2021-11-08T04:18:48.169809Z",
    "updated_at": "2021-11-08T04:18:48.169847Z",
    "lead_time": 75.345
  },
  {
    "Text": "이기범 한두 쪽을 먹고 10분 후쯤 화제인을 먹는 것이 좋다고 한다 .",
    "id": 101,
    "label": [
      {
        "start": 0,
        "end": 3,
        "text": "이기범",
        "labels": [
          "PER-B"
        ]
      },
      {
        "start": 4,
        "end": 6,
        "text": "한두",
        "labels": [
          "O"
        ]
      },
      {
        "start": 7,
        "end": 9,
        "text": "쪽을",
        "labels": [
          "O"
        ]
      },
      {
        "start": 10,
        "end": 12,
        "text": "먹고",
        "labels": [
          "O"
        ]
      },
      {
        "start": 13,
        "end": 16,
        "text": "10분",
        "labels": [
          "O"
        ]
      },
      {
        "start": 17,
        "end": 19,
        "text": "후쯤",
        "labels": [
          "O"
        ]
      },
      {
        "start": 20,
        "end": 24,
        "text": "화제인을",
        "labels": [
          "O"
        ]
      },
      {
        "start": 25,
        "end": 27,
        "text": "먹는",
        "labels": [
          "O"
        ]
      },
      {
        "start": 28,
        "end": 30,
        "text": "것이",
        "labels": [
          "O"
        ]
      },
      {
        "start": 31,
        "end": 34,
        "text": "좋다고",
        "labels": [
          "O"
        ]
      },
      {
        "start": 35,
        "end": 37,
        "text": "한다",
        "labels": [
          "O"
        ]
      }
    ],
    "annotator": "snipping@gmail.com",
    "annotation_id": 15,
    "created_at": "2021-11-08T04:17:30.699287Z",
    "updated_at": "2021-11-08T04:17:30.699326Z",
    "lead_time": 58.004
  },
  {
    "Text": "금석객잔 여러분, 감사드립니다 .",
    "id": 100,
    "label": [
      {
        "start": 0,
        "end": 4,
        "text": "금석객잔",
        "labels": [
          "ORG-B"
        ]
      },
      {
        "start": 5,
        "end": 9,
        "text": "여러분,",
        "labels": [
          "O"
        ]
      },
      {
        "start": 10,
        "end": 16,
        "text": "감사드립니다",
        "labels": [
          "O"
        ]
      },
      {
        "start": 17,
        "end": 18,
        "text": ".",
        "labels": [
          "O"
        ]
      }
    ],
    "annotator": "snipping@gmail.com",
    "annotation_id": 14,
    "created_at": "2021-11-08T04:16:30.000163Z",
    "updated_at": "2021-11-08T04:16:30.000206Z",
    "lead_time": 2426.959
  }
]